blog_id,display_name,blog_title,group_name,relationship,enabled,rss_url,notes
alteking,검색왕,검색왕의 주식공부,미분류,이웃,true,,
kdsu0404,부동산이오빠,부동산이오빠,미분류,이웃,true,,
opecwkd,우리부부,우리부부의 투자 아카이브,미분류,이웃,true,,
groovy0608,리틀백,투자빈민을 위한 위로,미분류,이웃,true,,
sungdory,승도리,과거에 잘했다고 앞으로도 잘 할거라 생각하지 마라,미분류,이웃,true,,
ruffian71,상실의 시대,상실의 시대,일상,이웃,true,,
ben_rye,벤리에,벤리에의 세상,미분류,이웃,true,,
ojh919,오박사,⑤ 오박사 블로그,미분류,이웃,true,,
sofoswh,밴쿠버선봉장,부동산갤러리 밴쿠버선봉장의 블로그,미분류,이웃,true,,
pokara61,pokara61,포카라의 실전투자,미분류,이웃,true,,
jiniand1004,현명한 직장인,재무제표 10개년도 분석 (기억공간),미분류,이웃,true,,
goldmap7,유민아빠,라온제나 주식독법,미분류,이웃,true,,
wiseinvest21,와이즈리서치,와이즈리서치,미분류,이웃,true,,
cr2875,오크트리,오크트리 블로그,미분류,이웃,true,,
redhot_jenny,매운맛제니,재테크의 우주대스타_매운맛제니,미분류,이웃,true,,
cybermw,좋은친구,너는 무한(無限)하지 않느냐?,미분류,이웃,true,,
kradish,홍지용,그렇습니까,미분류,이웃,true,,
cmoonn,나의시선,나의시선,미분류,이웃,true,,
smileru,가미투,가까운 미래에 투자하기,미분류,이웃,true,,
tama2020,솔로몬,그냥 투자자는 꿈을 가진 투자자에 미치지 못한다.,미분류,이웃,true,,
realjump_lap,리얼점프부동산lap,'인생'을 'Jump-Up'하는 부동산,미분류,이웃,true,,
hdk_6208,대지원망,대지원망이 전하는 오늘의 투자 정보(경제적 자유),미분류,이웃,true,,
outlawjk,이엔제이,이엔제이의 부동산 첫걸음,미분류,이웃,true,,
withnesta,중도,중도,미분류,이웃,true,,
jkhan012,천상천하,천상천하님의 블로그,미분류,이웃,true,,
stalk0218,Stalk,"수익은 길게, 손실은 짧게",미분류,이웃,true,,
jeunkim,피우스,피우스의 책도둑 & 매거진,미분류,이웃,true,,
kinvestors,소형주 투자자,소형주 투자자,미분류,이웃,true,,
arsjj,세라피나,골프와 가치투자,미분류,이웃,true,,
mynameisdj,김단테,내일은 투자왕 - 김단테,미분류,이웃,true,,
limsk1212,리스크,리스크의 기업분석,미분류,이웃,true,,
rodonshin,지리산호돈신,발로 뛰고 실행하자,미분류,이웃,true,,
charlotte_inv,샬롯의 투자일지,샬롯의 투자일지,미분류,이웃,true,,
leesongblog,리송,리송 블로그,미분류,이웃,true,,
yeux1122,란즈크,yeux1122님의 블로그,미분류,이웃,true,,
jean102,네이마리,네이마리 부동산 주저리!~,미분류,이웃,true,,
bian,한다맨,두고보자 패밀리의 세계일주,미분류,이웃,true,,
ddabonghouse,DELTA,따봉하우스,미분류,이웃,true,,
gmyhhj,인상주의,인상주의 블로그,미분류,이웃,true,,
jun7552,츄우,츄우의 부자되기 습관,미분류,이웃,true,,
economy_meal,퀄리티기업연구소,퀄리티기업연구소 - 지식은 복리로 늘어난다,미분류,이웃,true,,
sver1823,펄픽,주식개인주의,미분류,이웃,true,,
ldhwc,시황맨 이동훈,시황맨의 주식 이야기,미분류,이웃,true,,
jk734,김종호,Winterreise의 투자여행,미분류,이웃,true,,
ricemankr,피트황,배당투자자 피트씨의 소소 공간,미분류,이웃,true,,
abcd9361,자전과 공전,"신문을 통해 알게 된 것들- 숨은 뉴스, 깨알 지식",미분류,이웃,true,,
nlueoxy,인포마켓 강용운,강용운/인포마켓/반도체,미분류,이웃,true,,
going_tothe_moon,고잉투더문,고잉투더문,미분류,이웃,true,,
keepgoing0330,RTD,내면의 음악이 꺼지지 않도록 (Road to Drucken),미분류,이웃,true,,
jmd0104,까르,까르의 서울 재개발 분석,미분류,이웃,true,,
richyun0108,작은투자자,작은투자이야기,미분류,이웃,true,,
gunbaram,탐험가 Gun,주식탐구생활,미분류,이웃,true,,
rnjs1016k,스마트롱,스마트롱 주식 경제 블로그,미분류,이웃,true,,
man2_service,군만두,책을 읽고 글을 씁니다,미분류,이웃,true,,
bsj7000,여의도 밤안개,전병서의 안정적인 성공투자,미분류,이웃,true,,
badajr,Bora,마음속의 해와달,미분류,이웃,true,,
bbbgmbb,BGM,BGSM 인생연구소,미분류,이웃,true,,
jelkajelka,리얼라이즈,리얼라이즈 블로그,미분류,이웃,true,,
mosma_1982,6숭이,6숭이님의 블로그,미분류,이웃,true,,
jpilot97,체리쥬빌레,저평가 성장기업만 골라골라,미분류,이웃,true,,
whrbtjr91,소중한 투자자 규마베,소중한 투자자 규마베,미분류,이웃,true,,
yksmyn,YK,YKmind,미분류,이웃,true,,
bizucafe,BZCF,BZCF | 비즈까페,미분류,이웃,true,,
oracle0923,화이트아웃,Over the Rainbow,미분류,이웃,true,,
kysun93,Grace,The Empire of G.G,미분류,이웃,true,,
audistar,콤디티,콤디티의 투자와 일상이야기,미분류,이웃,true,,
tirael,현자토끼,현자토끼의 생각공장,미분류,이웃,true,,
thingschange_,Bluewater,"""퀄리티""를 찾아서",미분류,이웃,true,,
jongy0644,쫑,기록하는 투자노트,미분류,이웃,true,,
hym090206,오재복,오재복 블로그,미분류,이웃,true,,
dearholmes,이석원,글을 위한 글,미분류,이웃,true,,
beatthemkt,NNN PB,변화하는 기업을 찾아서.,미분류,이웃,true,,
doctordk,의교창,군포금융치료센터,미분류,이웃,true,,
jhlimidea,동물원,작은 생각,미분류,이웃,true,,
mentalisia,자청,라이프해커 자청,미분류,이웃,true,,
khr1265,미네르바올빼미,미네르바올빼미의 세금이야기,미분류,이웃,true,,
audi72,트루카피,트루카피의 투자이야기,미분류,이웃,true,,
bigpicture-storage,빅픽쳐,빅픽쳐 저장소,미분류,이웃,true,,
paranhanl26,파하,파하의 아카이빙 블로그,미분류,이웃,true,,
kwangpoong,학습인,學習忍,미분류,이웃,true,,
chlbest,Lims,Better Together,미분류,이웃,true,,
realme0603,분석전문가,분전아카데미(분전리서치): 자산투자의 모든 것,미분류,이웃,true,,
investery17,투자자윤,투자자윤의 인생일지,미분류,이웃,true,,
kimcharger,김찰저,투자기록,미분류,이웃,true,,
overus,HWANG,HWANG,미분류,이웃,true,,
luy1978,피터케이,이기는 투자자,미분류,이웃,true,,
opushk,펀드이지,Fund Easy,미분류,이웃,true,,
dicecasts,지적호기심,지적호기심.활자중독.새로운 시도,미분류,이웃,true,,
will1009__,겸하,누구나 할 수 있는 투자이야기,미분류,이웃,true,,
tosoha1,농구천재,이것 또한 지나가리라,미분류,이웃,true,,
quantum_edge,Quantum edge,Warren Buffett in 1984,미분류,이웃,true,,
omniknight41,소라게아빠,기술적 분석으로 보는 주식시장,미분류,이웃,true,,
68083015,잠실개미,“Next W” Hunter,미분류,이웃,true,,
roe_20,주식늘보,게으른 투자자,미분류,이웃,true,,
love392722,깡토,깡토의 이야기,미분류,이웃,true,,
santa_village,선물주는산타,"미국 일상, 선물주는산타",미분류,이웃,true,,
redbirdstock,레드버드,레드버드 기업분석,미분류,이웃,true,,
onejejuwave,제주바람,제주바람의 투자기록,미분류,이웃,true,,
crete_investment,상선약수,Crete Investment,미분류,이웃,true,,
s1kkw,우산,우산의 투자 이야기,미분류,이웃,true,,
jjanjie3,그라찌에,증권이 아닌 기업을 분석하는 투자,미분류,이웃,true,,
quantamental,심플가이,마음 편한 투자,미분류,이웃,true,,
dayone-,Day1,It is always Day 1,미분류,이웃,true,,
ktt1232,carpediem,초코초쿠,미분류,이웃,true,,
sunstudy-,선진짱,盡人事待天命,미분류,이웃,true,,
mlyuri,고집스런가치투자,Nothing's ever promised tomorrow today.,미분류,이웃,true,,
s4050s,핑플릭스,핑플릭스,미분류,이웃,true,,
chcmg2022,너쟁이,성실히 나아가는 작은 발걸음,미분류,이웃,true,,
mok7593,루시오,이상과 현실의 조화,미분류,이웃,true,,
juliuschun,juliuschun,AI와 성장하는 법 - 천영록,미분류,이웃,true,,
dlaldhr0821,GSVI,가치투자자 GSVI 주식투자 블로그,미분류,이웃,true,,
suri-ahn,ㅁ,그간 제 블로그를 사랑해주셔서 감사합니다,미분류,이웃,true,,
mjs_0908,한대리,해방일지,미분류,이웃,true,,
jsblfwj,범송공자,범송공자 장우진,미분류,이웃,true,,
thegeneralfox,generalfox,generalfox | 제너럴폭스,미분류,이웃,true,,
onion_asset,양파,양파농장,미분류,이웃,true,,
the-5-element,제5원소,제5원소 투자 공부,미분류,이웃,true,,
sum7788,수미숨,수미숨월드,미분류,이웃,true,,
luke_suh,류크,Luke's Tasting Note,미분류,이웃,true,,
brian5302,주식쟁이봉,Brian's 투자노트,미분류,이웃,true,,
bonreveur,지희원,지희원 투자발자꾹,미분류,이웃,true,,
keonlee0324,정석,투자서 번역가 이건,미분류,이웃,true,,
peterlynch7,사도,시장 앞에 겸손,미분류,이웃,true,,
newsystock,NEWSYSTOCK,뉴지스탁 공식 블로그,미분류,이웃,true,,
redwoodinsight,레드우드,레드우드 인사이트 Believe in the Future,미분류,이웃,true,,
dnjsrlid,웡키,Key's Cafe,미분류,이웃,true,,
freechip,따봉,따봉,미분류,이웃,true,,
firelifestyle,미생,'미생'에서 '완생'으로,미분류,이웃,true,,
iampoohoo,생각하는사자,생각하는사자 블로그,미분류,이웃,true,,
quantdaddy,퀀트대디,Antifragile Domain,미분류,이웃,true,,
jinblood80,우리살던그시절,즐거운 인생,미분류,이웃,true,,
rmtlove22,박밍똘,박밍똘,미분류,이웃,true,,
lifeisntcool,이동진,언제나 영화처럼,미분류,이웃,true,,
jindori7,행인 7,.,미분류,이웃,true,,
jakojako,재콩,기쁠수록 춤을 춰라 슬플수록 농담을 하라,미분류,이웃,true,,
windalpha,바람돌이,"정확히 틀리느니, 대충 맞는게 낫다",미분류,이웃,true,,
darkgd01,갬이,Value and Price,미분류,이웃,true,,
hodolry,hodolry,Hodolry의 블로그,미분류,이웃,true,,
huni0643,머니메이커,머니메이커의 부의 추월차선,미분류,이웃,true,,
thinkingdepth,생각의깊이,나는 항상 성장을 꿈꾼다,미분류,이웃,true,,
wonderppuri,원더뿌리,"지금 내가 가진것에 감사하는, 행복한 투자!",미분류,이웃,true,,
fractal1985,체코,주식 스터디룸,미분류,이웃,true,,
shmoon305,문벵이,문벵이의 배터리 투자,미분류,이웃,true,,
avarter,러프,러프의 블로그,미분류,이웃,true,,
leebisu,Henry,헨리의 퀀트대학,미분류,이웃,true,,
heecheoldo,디히치,디히치의 투자 스케치,미분류,이웃,true,,
shin0503988,신사람,신사람 부동산 투자 분석,미분류,이웃,true,,
ssinmusa,씬무사,씬무사 님의 블로그,미분류,이웃,true,,
icebyung,뿅이,FINR,미분류,이웃,true,,
dmore5336,경성님,경성 투자/사업 이야기,미분류,이웃,true,,
gentlealgu,프로익절러,가즈아 스터디,미분류,이웃,true,,
highk27,포즈랑,포즈랑의 투자이야기,미분류,이웃,true,,
stock_surfing,파도타기,파도타기,미분류,이웃,true,,
my_name_love,자본주의 최종 생존자,자본주의 최종 생존자,미분류,이웃,true,,
hellowheesun,뚜벅이,"꾸준함, 방향성, 유연함",미분류,이웃,true,,
sunsetfrappuccino,노을프라푸치노,투자와 삶의 심포니,미분류,이웃,true,,
royvalue,로이,로이의 무지개 세상,미분류,이웃,true,,
blogpeople,네이버 블로그팀,네이버 블로그팀 공식블로그,미분류,이웃,true,,
lhd1371,한걸음,한걸음 블로그,미분류,이웃,true,,
jyeon_0625,작은거인,작은거인의 투자이야기,미분류,이웃,true,,
james_lee_advisors,James Lee,James Lee Advisors,미분류,이웃,true,,
tome830,보물상자,My Secret Room,미분류,이웃,true,,
yym0202,Rainmaker,Rainmaker,미분류,이웃,true,,
somewhaterror,어느정도오차,어느정도오차는 있을지라도,미분류,이웃,true,,
yogahsd,요가하는증권맨,"""단순함이 복잡함을 이깁니다.""",미분류,이웃,true,,
chamberine3,전황,전황의 주식홈트,미분류,이웃,true,,
htk1019,엉드루,엉드루 블로그,미분류,이웃,true,,
pillion21,알바트로스,알바트로스의 파생 이야기,미분류,이웃,true,,
djgkrrl1234,Always Awake,경제적 자유를 위한 공부,미분류,이웃,true,,
keumssoa,금쏴,포기하지 않는 이상 한계는 없다.,미분류,이웃,true,,
donghm,박회계사,박회계사의 투자이야기,미분류,이웃,true,,
yminsong,와이민,"와이민, 투자자로서의 삶",미분류,이웃,true,,
heyda46,heyda,heyda,미분류,이웃,true,,
bankertofu,뱅커두부,"뱅커두부의 잃지않는 투자, 행복한 삶",미분류,이웃,true,,
gupzip4,급집사,급집사 <급매로 집 사자>,미분류,이웃,true,,
sen2ong,기드래곤,기드래곤 자본주의 기록실,미분류,이웃,true,,
bboyanaga,애널리스트김경민CFA,반도체 | 독서,미분류,이웃,true,,
ks200331022,학봉이,학봉이의 진정한 감동의 순간,미분류,이웃,true,,
sabotendajuju,조르바,제로인싸이트,미분류,이웃,true,,
run_it_once,안토니오,Fooled By Randomness,미분류,이웃,true,,
freestrong,수승화강,투자와 여행,미분류,이웃,true,,
pivotinve,피벗리서치,Pivot& 기업분석,미분류,이웃,true,,
jwleewhy,백규,"때론 과감하게, 때론 감사하게",미분류,이웃,true,,
ytt2580,마음의 평정,ytt2580님의블로그,미분류,이웃,true,,
mensgrooming,세너지,세너지 인사이트,미분류,이웃,true,,
forsword,산업분석가 박종대,박부의 컨슈머 산업분석,미분류,이웃,true,,
freebutdeep2,freebutdeep,여유롭고 깊게,미분류,이웃,true,,
aplus0418,머지노,Stock-Pitch,미분류,이웃,true,,
ske4548,텐베거,열망하고 끈기를 가지되 집착과 강박 조급은 버리자!!,미분류,이웃,true,,
com428,로냐프강,냐프강의 가치투자 이야기,미분류,이웃,true,,
blissfulnara,미엘린,"Myelin, 경제 금융 산업 공부",미분류,이웃,true,,
sealight77,달반,달반's,미분류,이웃,true,,
mahavakya,의심 많은 남자,어떤 질문과 대답,미분류,이웃,true,,
hardark,hardark,경제적 여유만큼 정신적 여유를,미분류,이웃,true,,
haines,위리암William,Snowball,미분류,이웃,true,,
kalpa2025,칼파,Kalpa의 투자이야기,미분류,이웃,true,,
kim4bu_,오름인간,오름인간,미분류,이웃,true,,
tmdejr1267,Seung,Seung's 투자와 생각,미분류,이웃,true,,
leeozo,이오조,이오조,미분류,이웃,true,,
lepain-,LePain,꾸준함이 진리다.,미분류,이웃,true,,
ksi0428,지민지호아빠,김성일 : 삶 사랑 사람,미분류,이웃,true,,
jh__invest,jh__invest,Hungry Investor,미분류,이웃,true,,
mungerism-,멍거리즘,멍거리즘,미분류,이웃,true,,
new10yrs,멘탈거북,눈덩이 굴리는 거북이,미분류,이웃,true,,
kimbangsan,잉타입,페어플레이,미분류,이웃,true,,
magellanfund,마젤란,주식,미분류,이웃,true,,
dkim0210,꿈단지,꿈을 담는 단지,미분류,이웃,true,,
proflee200,이교수,이교수 블로그,미분류,이웃,true,,
arirangya,사색하는투자자,사색과투자,미분류,이웃,true,,
andree77,재정적자유,FINANCIAL FREEDOM,미분류,이웃,true,,
aeoninvest,이언투자자문,이언투자자문,미분류,이웃,true,,
jin02613,편안한 투자,현명한 투자자가 되기 위해 무엇을 하고 있느냐?,미분류,이웃,true,,
kjjra10,유쾌한 회계사,[ Accounting Revolution ],미분류,이웃,true,,
honeybearinvest,하니베어,하니베어의 탐구생활,미분류,이웃,true,,
hammerj-,해머제이,성장이 답이다,미분류,이웃,true,,
hhhhnk,해기사 투자자,"This world is master's playground, a novice's hell",미분류,이웃,true,,
arystal,사나감자,사나감자 동행투자,미분류,이웃,true,,
hongdangmoothought,홍당무,홍당무의 생각서재,미분류,이웃,true,,
jjangwoong1,쩐대표,가치투자자의 경제적 자유를 위하여,미분류,이웃,true,,
dutch_east_india_co,Ocean Drive,"오션의 좋은 태도, 이기는 트레이딩",미분류,이웃,true,,
audgns3086,용산의현인,용산의현인,미분류,이웃,true,,
sirenhead-,싸이렌헤드,"오답은 있다. 과한확신, 레버리지, 그리고 물타기",미분류,이웃,true,,
centum_tiger,센텀호랑이,센텀호랑이님의 블로그,미분류,이웃,true,,
kimyong_12,킴용,킴용의 주식투자노트,미분류,이웃,true,,
riamunger,리아멍거,경제적 자유를 위하여..,미분류,이웃,true,,
reverse_spes,리버스페스,리버스페스의 데이트레이딩 매매일지,미분류,이웃,true,,
rechts,바람의숲,김철광,미분류,이웃,true,,
crush212121,체리형부,적절한 지식과 검증된 판단,미분류,이웃,true,,
kim_song01,너진똑,너진똑의 블로그,미분류,이웃,true,,
rkdakxl,투자이너 JSK,투자이너 JSK,미분류,이웃,true,,
gkdldy2004,뎅오오오,뎅오오오의 투자기록,미분류,이웃,true,,
tenbagger10x,씹배,10X BLOG,미분류,이웃,true,,
ggbbvv,간동,개미의 투자 일상,미분류,이웃,true,,
ben-akiva,BenAkiva,"겸손하게, 담백하게.",미분류,이웃,true,,
ssenepodd,주린,안티티티티프레쥘프레쥘아니티팉티티프레쥘,미분류,이웃,true,,
hempty,카가,테니스 슈즈,미분류,이웃,true,,
cy9678,빌게이춘,비나이다비나이다,미분류,이웃,true,,
rob_ust,김라브,투자 공부하는 김라브,미분류,이웃,true,,
nucksaltm,틈바구,넉살의 틈,미분류,이웃,true,,
a-cute-bear,아기곰,아기곰의 부동산 산책,미분류,이웃,true,,
a463508,춰릿,인생 스노우볼을 굴려보자,미분류,이웃,true,,
skall1015,스칼,아수라발발타,미분류,이웃,true,,
ryankim1106,라이언K,주린이 라이언 일병 구하기,미분류,이웃,true,,
studying-investor,공부하는 투자자,Keep calm & Watch my Blog,미분류,이웃,true,,
suntan1030,김태현,김태현,미분류,이웃,true,,
turtleman9004,세종거북,평생투자자,미분류,이웃,true,,
dnpquant,두부,전업투자자 두부,미분류,이웃,true,,
dashno,좋은생각,좋은생각 블로그,미분류,이웃,true,,
qowoals119,최고이고싶다,최고이고싶다님의블로그,미분류,이웃,true,,
kyoung_bum,고니,자본주의맛 고니,미분류,이웃,true,,
groom_ym,구름,구름,미분류,이웃,true,,
djssusdl0613,djssusdl0613,djssusdl0613님의 블로그,미분류,이웃,true,,
pikachu_aje,피카츄 아저씨,피카츄 아저씨의 스파크 튀는 투자,미분류,이웃,true,,
nokinoki83,아름다운 세상,아름다운 세상,미분류,이웃,true,,
greatvisionk,천공,천공의 투자 이야기,미분류,이웃,true,,
dd_asset,디디에셋,디디에셋_season.2,미분류,이웃,true,,
infoindia,강황맨,인도 투자 하자,미분류,이웃,true,,
paulo-,파울로,부산갈매기의 여행,미분류,이웃,true,,
ehgur06,안아줘,안아줘 투자이야기,미분류,이웃,true,,
ps_4,성큐,Down to earth,미분류,이웃,true,,
valueingrowth,생텀,Value Investor's Sanctum,미분류,이웃,true,,
r123k120,Values in Growth,Values in Growth (밸그),미분류,이웃,true,,
survivaldopb,도피비,도피비의 생존투자,미분류,이웃,true,,
smilingmetheny,전주불도저,사업관점의 글로벌주식투자,미분류,이웃,true,,
longtermgrowthinvest,롱텀성장투자,롱텀성장투자 블로그,미분류,이웃,true,,
jeeyuns,BLASH,"돈, 뜨겁게 사랑하고 차갑게 다루어라",미분류,이웃,true,,
shinook430,북회귀선,북회귀선,미분류,이웃,true,,
uncastle0426,유엔캐슬,Healthcare Epi-sode,미분류,이웃,true,,
stalbert,씨드머니,씨드머니님의 블로그,미분류,이웃,true,,
wldms8596,예비신부 모범생,예비신부 모범생,미분류,이웃,true,,
wlfvndxnwk,어쩐지 변호사,어쩌다 가치투자,미분류,이웃,true,,
wyekdl,몰래쿠파,대구돼지국밥 맛집을찾아서!,미분류,이웃,true,,
freelufang,랍스터루팡,"가격표 안보고 랍스터 사먹는 그날까지, 랍스터루팡",미분류,이웃,true,,
capitalism_academy,호랭교관,자본주의 사관학교,미분류,이웃,true,,
teslarkman,TeslarkMan,TeslarkMan의 투자 노트,미분류,이웃,true,,
ronalee,ManAGyst,Managyst 가 보는 세상,미분류,이웃,true,,
karlg2000,샤슬란,Organic growth & Temporal investment,미분류,이웃,true,,
md21_vroom,부릉,Occam's razor,미분류,이웃,true,,
tbzka3,진이,성장을 위한 기록,미분류,이웃,true,,
pjg1006,드림로드,주식 이야기,미분류,이웃,true,,
meanhope,선해,선해의 오늘이 만드는 내일,미분류,이웃,true,,
elprupevoli,ppuerl,⠀,미분류,이웃,true,,
allaryo007,Uk,UK의 비지니스 투자 (100배 주식 발굴기),미분류,이웃,true,,
colebgo,pqceps,"경제적자유, 컨센서스 투자",미분류,이웃,true,,
llzard,성공을 바라본다,성공을 바라본다,미분류,이웃,true,,
cih2996,앙드레C,메모장,미분류,이웃,true,,
showyouthemoney,쇼유,Show You,미분류,이웃,true,,
stargajoa,재덕,투자스토리,미분류,이웃,true,,
kremlin19,NeptuneX,좀더 나은 삶을 위하여,미분류,이웃,true,,
smkiwi281,NoName10,Speculator,미분류,이웃,true,,
jong9589,푸앙카르,생존투자,미분류,이웃,true,,
kayla__kim,케일라 Kayla,케일라와 투자,미분류,이웃,true,,
not_human_encar,Encar,인간조무사 엔카,미분류,이웃,true,,
mpkung,영리윤,무한한능력&미국주식으로 경제적자유 이루는 영리윤,미분류,이웃,true,,
byeon576,대주주,경제적 자유,미분류,이웃,true,,
iles1026,청울림,청울림의 인생공부,미분류,이웃,true,,
jerry_bio_analysis,Tom Kim,Tom's Bio Analysis,미분류,이웃,true,,
o12486vs2,으뜸아빠,으뜸이네 파이썬,미분류,이웃,true,,
to-the-lowbank,금융주치의,은행원과 함께 하는 대한경제독립만세,미분류,이웃,true,,
cuib0no,cuibOno,cuibOno 투자기록,미분류,이웃,true,,
psc1302,카디오,카디오,미분류,이웃,true,,
khg0098,김희건,김샤크의 투자공부,미분류,이웃,true,,
furmea21,드리머,드리머의 잃지 않는 투자,미분류,이웃,true,,
realmanreal,소소하게크게,소소하게크게: 차 회계사,미분류,이웃,true,,
jh54552,RedWood88,레드우드88의 투기일기,미분류,이웃,true,,
isf2023,민에이,민에이,미분류,이웃,true,,
daramagb,안과장,시장의 단상 Keep,미분류,이웃,true,,
upppppppppp,유피,유피의 블로그,미분류,이웃,true,,
dag0nrider,DragonRider,로우프로파일,미분류,이웃,true,,
taro_muyaho,김가영,타로쓰의 투자 라운지,미분류,이웃,true,,
7qqqqqqqqq,The Q,The Q,미분류,이웃,true,,
morgoth,와시즈,전업투자자 와시즈,미분류,이웃,true,,
cherryplumlove,앵두사랑,앵두 나무.,미분류,이웃,true,,
nummi77na,MARI플라워,구운동꽃집 마리플라워,미분류,이웃,true,,
wjdrjstjr21,투자하는 정선비,부의 나눔,미분류,이웃,true,,
jeesuwon,작은슈퍼개미,"주식으로 젊은 부자되는 방법, 작은슈퍼개미",미분류,이웃,true,,
angel_investor,엔젤투자자,Korean Investor In NYC,미분류,이웃,true,,
ttriumph,트리움프,내 꿈은 파이어,미분류,이웃,true,,
goose_pb,구스,벌거나 배우거나,미분류,이웃,true,,
mingle0303,투자하는 의사,투자하는 의사,미분류,이웃,true,,
annajung1,애나정AnnaJoung,Journey to Freedom,미분류,이웃,true,,
ganji-,ganji,ganji의 사업&투자,미분류,이웃,true,,
worldppt,핸담,91년생은 요새 이렇게 삽니다,미분류,이웃,true,,
esgmaster,이에스지,#ESG #회계 # 재무 # 공시 노하우 기록방,미분류,이웃,true,,
hg2600,삼겹살중독자,깡통에서 탈출하기,미분류,이웃,true,,
csy7265,자본새내기 NS,자본사회 인사이더,미분류,이웃,true,,
conduit_act,액트 ACT,"액트 ACT, 소액주주 권리의 파수꾼",미분류,이웃,true,,
garynote,Gary,Gary - 투자자로 살아남기,미분류,이웃,true,,
midnightmusic,기저발전,빅블로그,미분류,이웃,true,,
ikekuso,ikekuso,-,미분류,이웃,true,,
hardtoread,회계사Y,회계사Y,미분류,이웃,true,,
noteeth,동네바보,100배 주식을 찾아서,미분류,이웃,true,,
dbtkdals456,허거덩,All is well,미분류,이웃,true,,
pjo901018,kujyp,kujyp 경제 블로그,미분류,이웃,true,,
timesight,Timesight,The Principles of Timesight,미분류,이웃,true,,
runa84,두둩두,햄보카자,미분류,이웃,true,,
humbleinvest,겸손한 투자,겸손한 투자,미분류,이웃,true,,
kmsbabu1129,펭미업,.,미분류,이웃,true,,
new_map,222,.,미분류,이웃,true,,
capital_ism,이촌동 박스터,Chicken dinner,미분류,이웃,true,,
modestytoknowledge,지식 앞에 겸손,Investing Is a Serious Pursuit,미분류,이웃,true,,
brianpark777,brianpark777,.,미분류,이웃,true,,
jyt4159,초대현대농업,자산가치 기반 정석투자,미분류,이웃,true,,
khjyu11,홍시,주식은 농사다,미분류,이웃,true,,
freemancb,노력맨,자본가 노력맨,미분류,이웃,true,,
israelite,조은사람카톡16668462,가족과 영혼의 안식처,미분류,이웃,true,,
ubkhs333,ubkhs333,ubkhs333님의블로그,미분류,이웃,true,,
